{
  "current-scene": "b22cebd3-53c5-4add-b2a3-b7552d19f478",
  "gizmos-infos": {
    "iconGizmoSize": 2,
    "isGridVisible": true,
    "isIconGizmo3D": false
  },
  "camera-infos": {
    "08cb203d-a5e3-4d68-ba2f-44124a4ef23a": {
      "position": {
        "x": 11.535334842352121,
        "y": 5.291970773125502,
        "z": -1.990102154616313
      },
      "rotation": {
        "w": -0.7443087152434592,
        "x": 0.16063134006366522,
        "y": -0.6340799165027499,
        "z": -0.13452142205242665
      },
      "viewCenter": {
        "x": 7.0324558158467285,
        "y": 3.243654347041347,
        "z": -2.7111727049520393
      }
    },
    "149c2129-84d3-452c-a3ee-8ad9e2d311d2": {
      "position": {
        "x": 433.96247420362215,
        "y": 645.7720393769363,
        "z": 1000
      },
      "rotation": {
        "w": 1,
        "x": 0,
        "y": 0,
        "z": 0
      },
      "viewCenter": {
        "x": 692.1807800218274,
        "y": 736.7404415464059,
        "z": -943.0533498368063
      }
    },
    "47d4ed25-e7c6-4426-bf59-5d03d3cb0d67": {
      "position": {
        "x": 384.0000000000001,
        "y": 682.9999999999999,
        "z": 1000
      },
      "rotation": {
        "w": 1,
        "x": 0,
        "y": 0,
        "z": 0
      },
      "viewCenter": {
        "x": 157.98921623267412,
        "y": 713.1949971976327,
        "z": 141.2073690808171
      }
    },
    "61b9624a-dbff-4faa-b7af-6c1087778dda": {
      "position": {
        "x": -7.46745658841877,
        "y": 3.5494124280258745,
        "z": 18.561093227282633
      },
      "rotation": {
        "w": 0.9837443153685872,
        "x": -0.10122048378413682,
        "y": -0.14452645870803602,
        "z": -0.01425208458470891
      },
      "viewCenter": {
        "x": 39.9799801785848,
        "y": -30.715925473728163,
        "z": -139.359792022792
      }
    },
    "764613f6-6f4c-4a87-89cd-46dcbb07ad6b": {
      "position": {
        "x": 384,
        "y": 683,
        "z": 1000
      },
      "rotation": {
        "w": 1,
        "x": 0,
        "y": 0,
        "z": 0
      },
      "viewCenter": {
        "x": -209.3188951631599,
        "y": -153.69832407837748,
        "z": -792.5169820423275
      }
    },
    "7ad481ef-e3da-4eaf-bc9c-927ab3044bd7": {
      "position": {
        "x": 4.180105245923036,
        "y": 33.888412620650136,
        "z": 246.17522250821065
      },
      "rotation": {
        "w": 0.9753956965231771,
        "x": -0.19147928454609037,
        "y": -0.1020421817489068,
        "z": -0.019974778492144768
      },
      "viewCenter": {
        "x": 5.118672556126673,
        "y": 32.036845607047105,
        "z": 241.7390697088023
      }
    },
    "948ad89b-e5cd-4325-9572-2cdffa226fa5": {
      "position": {
        "x": 2.057297304671022,
        "y": 9.635676704794495,
        "z": 34.486659230781775
      },
      "rotation": {
        "w": -0.9829557090578416,
        "x": 0.1266893644259904,
        "y": 0.1322450617057117,
        "z": -0.011405944676451351
      },
      "viewCenter": {
        "x": 39.24390534567248,
        "y": -25.1702842539322,
        "z": -97.46880583649914
      }
    },
    "b22cebd3-53c5-4add-b2a3-b7552d19f478": {
      "position": {
        "x": -1063.9972792393437,
        "y": 1067.460825821863,
        "z": 2317.9483041277695
      },
      "rotation": {
        "w": -0.9392299619876497,
        "x": 0.135435369081727,
        "y": 0.30929249989475627,
        "z": 0.044013301770028504
      },
      "viewCenter": {
        "x": 634.9908995216042,
        "y": 226.62464478979837,
        "z": 18.824521101797018
      }
    },
    "d1b40735-1578-43fd-b39a-3657c953200d": {
      "position": {
        "x": 341.92500623449484,
        "y": 721.3353852113584,
        "z": 1000
      },
      "rotation": {
        "w": 1,
        "x": 0,
        "y": 0,
        "z": 0
      },
      "viewCenter": {
        "x": -77.1409714711699,
        "y": 135.32949904664827,
        "z": -29.969964800737102
      }
    },
    "df405621-b93e-4e35-9ce0-28ce284a2c7d": {
      "position": {
        "x": 104.02446724244874,
        "y": 490.18459644393135,
        "z": 1000
      },
      "rotation": {
        "w": 1,
        "x": 0,
        "y": 0,
        "z": 0
      },
      "viewCenter": {
        "x": 1.3695163109444657,
        "y": 7.123944653807314,
        "z": -21.39795471426082
      }
    },
    "e0b57d4c-9a0c-481e-a338-fe273674ff7e": {
      "position": {
        "x": 384.0000000000001,
        "y": 683,
        "z": 1000
      },
      "rotation": {
        "w": 1,
        "x": 0,
        "y": 0,
        "z": 0
      },
      "viewCenter": {
        "x": 0,
        "y": 0,
        "z": 0
      }
    },
    "e9e82e98-de2e-48e9-944f-6105f7b4ecf0": {
      "position": {
        "x": -33.96285978396694,
        "y": 762.5152686441145,
        "z": 3113.1569326723898
      },
      "rotation": {
        "w": 0.9933708533892862,
        "x": 0.11421087998613126,
        "y": 0.0007029345297891737,
        "z": -0.00007836849717794586
      },
      "viewCenter": {
        "x": -42.10740170695121,
        "y": 2103.0012546496528,
        "z": -2639.343430525508
      }
    },
    "f3c07a13-4b8f-4b0d-b25e-31f8704605dd": {
      "position": {
        "x": 50,
        "y": 50,
        "z": 50
      },
      "rotation": {
        "w": -0.8804762392171493,
        "x": 0.27984814233312133,
        "y": -0.3647051996310009,
        "z": -0.11591689595929514
      },
      "viewCenter": {
        "x": 0,
        "y": 0,
        "z": 0
      }
    },
    "f46876e4-e81b-4931-b493-6d367be385e7": {
      "position": {
        "x": 341.92500623449484,
        "y": 721.3353852113584,
        "z": 3108.978443439866
      },
      "rotation": {
        "w": 1,
        "x": 0,
        "y": 0,
        "z": 0
      },
      "viewCenter": {
        "x": -77.1409714711699,
        "y": 135.32949904664827,
        "z": -29.969964800737102
      }
    },
    "fc55ad0a-6026-42db-b538-f87e703364bc": {
      "position": {
        "x": 1467.6774065481086,
        "y": 1654.1428098705587,
        "z": 2321.882271935905
      },
      "rotation": {
        "w": 0.9820244781291678,
        "x": -0.17926420920991548,
        "y": 0.0529124909853558,
        "z": 0.0087562750959112
      },
      "viewCenter": {
        "x": 1131.7614593366068,
        "y": 477.54175959374675,
        "z": -776.2322778818138
      }
    }
  },
  "camera-uuids": [
    "b22cebd3-53c5-4add-b2a3-b7552d19f478"
  ]
}
