{
  "current-scene": "e9e82e98-de2e-48e9-944f-6105f7b4ecf0",
  "gizmos-infos": {
    "iconGizmoSize": 2,
    "isGridVisible": true,
    "isIconGizmo3D": false
  },
  "camera-infos": {
    "7ad481ef-e3da-4eaf-bc9c-927ab3044bd7": {
      "position": {
        "x": 14.398520324014186,
        "y": 14.3985203240142,
        "z": 14.398520324014214
      },
      "rotation": {
        "w": 0.8804762392171493,
        "x": -0.27984814233312133,
        "y": 0.3647051996310009,
        "z": 0.11591689595929514
      },
      "viewCenter": {
        "x": 0,
        "y": 0,
        "z": 0
      }
    },
    "e9e82e98-de2e-48e9-944f-6105f7b4ecf0": {
      "position": {
        "x": 553.3531567804091,
        "y": 742.3028545207936,
        "z": 1000
      },
      "rotation": {
        "w": 1,
        "x": 0,
        "y": 0,
        "z": 0
      },
      "viewCenter": {
        "x": 0,
        "y": 0,
        "z": 0
      }
    },
    "f46876e4-e81b-4931-b493-6d367be385e7": {
      "position": {
        "x": 50,
        "y": 50,
        "z": 50
      },
      "rotation": {
        "w": 0.8804762392171493,
        "x": -0.27984814233312133,
        "y": 0.3647051996310009,
        "z": 0.11591689595929514
      },
      "viewCenter": {
        "x": 0,
        "y": 0,
        "z": 0
      }
    }
  },
  "camera-uuids": [
    "f46876e4-e81b-4931-b493-6d367be385e7",
    "7ad481ef-e3da-4eaf-bc9c-927ab3044bd7",
    "e9e82e98-de2e-48e9-944f-6105f7b4ecf0"
  ]
}
