{
  "current-scene": "7ad481ef-e3da-4eaf-bc9c-927ab3044bd7",
  "gizmos-infos": {
    "iconGizmoSize": 2,
    "isGridVisible": true,
    "isIconGizmo3D": false
  },
  "camera-infos": {
    "08cb203d-a5e3-4d68-ba2f-44124a4ef23a": {
      "position": {
        "x": 11.535334842352121,
        "y": 5.291970773125502,
        "z": -1.990102154616313
      },
      "rotation": {
        "w": -0.7443087152434592,
        "x": 0.16063134006366522,
        "y": -0.6340799165027499,
        "z": -0.13452142205242665
      },
      "viewCenter": {
        "x": 7.0324558158467285,
        "y": 3.243654347041347,
        "z": -2.7111727049520393
      }
    },
    "47d4ed25-e7c6-4426-bf59-5d03d3cb0d67": {
      "position": {
        "x": 384.0000000000001,
        "y": 682.9999999999999,
        "z": 1000
      },
      "rotation": {
        "w": 1,
        "x": 0,
        "y": 0,
        "z": 0
      },
      "viewCenter": {
        "x": 157.98921623267412,
        "y": 713.1949971976327,
        "z": 141.2073690808171
      }
    },
    "7ad481ef-e3da-4eaf-bc9c-927ab3044bd7": {
      "position": {
        "x": -0.5974829351646405,
        "y": 3.571654326862907,
        "z": 43.1286707173369
      },
      "rotation": {
        "w": 0.9948921417940033,
        "x": -0.067718302769285,
        "y": 0.01767836319827517,
        "z": -0.001349692608509681
      },
      "viewCenter": {
        "x": -1.0125797956407665,
        "y": 1.9903749878788917,
        "z": 31.566253444143143
      }
    },
    "948ad89b-e5cd-4325-9572-2cdffa226fa5": {
      "position": {
        "x": 2.057297304671022,
        "y": 9.635676704794495,
        "z": 34.486659230781775
      },
      "rotation": {
        "w": -0.9829557090578416,
        "x": 0.1266893644259904,
        "y": 0.1322450617057117,
        "z": -0.011405944676451351
      },
      "viewCenter": {
        "x": 39.24390534567248,
        "y": -25.1702842539322,
        "z": -97.46880583649914
      }
    },
    "e9e82e98-de2e-48e9-944f-6105f7b4ecf0": {
      "position": {
        "x": 388.7022375215148,
        "y": 868.7383820998277,
        "z": 1000
      },
      "rotation": {
        "w": 1,
        "x": 0,
        "y": 0,
        "z": 0
      },
      "viewCenter": {
        "x": 157.98921623267412,
        "y": 713.1949971976327,
        "z": 141.2073690808171
      }
    },
    "f46876e4-e81b-4931-b493-6d367be385e7": {
      "position": {
        "x": 50,
        "y": 50,
        "z": 50
      },
      "rotation": {
        "w": 0.8804762392171493,
        "x": -0.27984814233312133,
        "y": 0.3647051996310009,
        "z": 0.11591689595929514
      },
      "viewCenter": {
        "x": 0,
        "y": 0,
        "z": 0
      }
    }
  },
  "camera-uuids": [
    "f46876e4-e81b-4931-b493-6d367be385e7",
    "47d4ed25-e7c6-4426-bf59-5d03d3cb0d67",
    "e9e82e98-de2e-48e9-944f-6105f7b4ecf0",
    "948ad89b-e5cd-4325-9572-2cdffa226fa5",
    "08cb203d-a5e3-4d68-ba2f-44124a4ef23a",
    "7ad481ef-e3da-4eaf-bc9c-927ab3044bd7"
  ]
}
