{
  "current-scene": "c08fecf8-c04b-4161-a71c-5fa9544ce58b",
  "gizmos-infos": {
    "iconGizmoSize": 2,
    "isGridVisible": true,
    "isIconGizmo3D": false
  },
  "camera-infos": {
    "2d8c67f7-6fc2-420f-8e5f-96fe2b3e4a77": {
      "position": {
        "x": 352.0970709657128,
        "y": 677.3656594956112,
        "z": 1000
      },
      "rotation": {
        "w": 1,
        "x": 0,
        "y": 0,
        "z": 0
      },
      "viewCenter": {
        "x": 498.6120442708743,
        "y": 848.8960952546778,
        "z": -2.5332360796965077
      }
    },
    "47d4ed25-e7c6-4426-bf59-5d03d3cb0d67": {
      "position": {
        "x": 320,
        "y": 568,
        "z": 1000
      },
      "rotation": {
        "w": 1,
        "x": 0,
        "y": 0,
        "z": 0
      },
      "viewCenter": {
        "x": 253.396472882819,
        "y": 529.3564128401645,
        "z": 5.492974844947412
      }
    },
    "7ad481ef-e3da-4eaf-bc9c-927ab3044bd7": {
      "position": {
        "x": 95.02752401831401,
        "y": 566.1312828938725,
        "z": 1000
      },
      "rotation": {
        "w": 1,
        "x": 0,
        "y": 0,
        "z": 0
      },
      "viewCenter": {
        "x": 253.396472882819,
        "y": 529.3564128401645,
        "z": 5.492974844947412
      }
    },
    "afd148ab-a7de-4679-90b3-7a1295a8e066": {
      "position": {
        "x": 6333.12083503641,
        "y": 16046.230580469166,
        "z": 395.37318468971046
      },
      "rotation": {
        "w": 0.7071067811865475,
        "x": -0.7071067811865475,
        "y": 0,
        "z": 0
      },
      "viewCenter": {
        "x": 6333.12083503641,
        "y": 16056.762465785661,
        "z": 395.37318468971046
      }
    },
    "c08fecf8-c04b-4161-a71c-5fa9544ce58b": {
      "position": {
        "x": -58.25234310350697,
        "y": -3.660160219827678,
        "z": 16.93328629502066
      },
      "rotation": {
        "w": 0.6987683328786636,
        "x": 0.020446347543924274,
        "y": -0.7142994706582981,
        "z": 0.020117613066146133
      },
      "viewCenter": {
        "x": -47.40271806326227,
        "y": -3.036721305744086,
        "z": 17.172155030544374
      }
    },
    "f46876e4-e81b-4931-b493-6d367be385e7": {
      "position": {
        "x": 409.17793970136574,
        "y": 701.9462121752316,
        "z": 1000
      },
      "rotation": {
        "w": 1,
        "x": 0,
        "y": 0,
        "z": 0
      },
      "viewCenter": {
        "x": 498.6120442708743,
        "y": 848.8960952546778,
        "z": -2.5332360796965077
      }
    }
  },
  "camera-uuids": [
    "afd148ab-a7de-4679-90b3-7a1295a8e066",
    "7ad481ef-e3da-4eaf-bc9c-927ab3044bd7",
    "47d4ed25-e7c6-4426-bf59-5d03d3cb0d67",
    "2d8c67f7-6fc2-420f-8e5f-96fe2b3e4a77",
    "f46876e4-e81b-4931-b493-6d367be385e7",
    "c08fecf8-c04b-4161-a71c-5fa9544ce58b"
  ]
}
